"Time","Thermometer 0","Thermometer 1","Thermometer 2","Thermometer 3","Thermometer 4","Thermometer 5","Thermometer 6","Thermometer 7"
1696582869000,,,,,,,,
1696582869500,,,,,,,,
1696582870000,,,,,,,,
1696582870500,,,,,,,,
1696582871000,,,,,,,,
1696582871500,,,,,,,,
1696582872000,,,,,,,,
1696582872500,,,,,,,,
1696582873000,,,,,,,,
1696582873500,,,,,,,,
1696582874000,,,,,,,,
1696582874500,,,,,,,,
1696582875000,,,,,,,,
1696582875500,,,,,,,,
1696582876000,,,,,,,,
1696582876500,,,,,,,,
1696582877000,,,,,,,,
1696582877500,,,,,,,,
1696582878000,,,,,,,,
1696582878500,,,,,,,,
1696582879000,,,,,,,,
1696582879500,,,,,,,,
1696582880000,,,,,,,,
1696582880500,,,,,,,,
1696582881000,,,,,,,,
1696582881500,,,,,,,,
1696582882000,,,,,,,,
1696582882500,,,,,,,,
1696582883000,,,,,,,,
1696582883500,,,,,,,,
1696582884000,,,,,,,,
1696582884500,,,,,,,,
1696582885000,,,,,,,,
1696582885500,,,,,,,,
1696582886000,,,,,,,,
1696582886500,,,,,,,,
1696582887000,,,,,,,,
1696582887500,,,,,,,,
1696582888000,,,,,,,,
1696582888500,,,,,,,,
1696582889000,,,,,,,,
1696582889500,,,,,,,,
1696582890000,,,,,,,,
1696582890500,,,,,,,,
1696582891000,,,,,,,,
1696582891500,,,,,,,,
1696582892000,,,,,,,,
1696582892500,,,,,,,,
1696582893000,,,,,,,,
1696582893500,,,,,,,,
1696582894000,,,,,,,,
1696582894500,,,,,,,,
1696582895000,,,,,,,,
1696582895500,,,,,,,,
1696582896000,,,,,,,,
1696582896500,,,,,,,,
1696582897000,,,,,,,,
1696582897500,,,,,,,,
1696582898000,,,,,,,,
1696582898500,,,,,,,,
1696582899000,,,,,,,,
1696582899500,,,,,,,,
1696582900000,,,,,,,,
1696582900500,,,,,,,,
1696582901000,,,,,,,,
1696582901500,,,,,,,,
1696582902000,,,,,,,,
1696582902500,,,,,,,,
1696582903000,,,,,,,,
1696582903500,,,,,,,,
1696582904000,,,,,,,,
1696582904500,,,,,,,,
1696582905000,,,,,,,,
1696582905500,,,,,,,,
1696582906000,,,,,,,,
1696582906500,,,,,,,,
1696582907000,,,,,,,,
1696582907500,,,,,,,,
1696582908000,,,,,,,,
1696582908500,,,,,,,,
1696582909000,,,,,,,,
1696582909500,,,,,,,,
1696582910000,,,,,,,,
1696582910500,,,,,,,,
1696582911000,,,,,,,,
1696582911500,,,,,,,,
1696582912000,,,,,,,,
1696582912500,,,,,,,,
1696582913000,,,,,,,,
1696582913500,,,,,,,,
1696582914000,,,,,,,,
1696582914500,,,,,,,,
1696582915000,,,,,,,,
1696582915500,22.92,22.59,22.28,22.66,30.01,22.69,22.59,22.27
1696582916000,22.92,22.59,22.28,,,,,
1696582916500,,,,22.66,30.01,22.69,22.59,22.27
1696582917000,22.83,22.8,22.27,22.4,30.04,22.6,22.35,22.54
1696582917500,,,,,,,,
1696582918000,,,,,,,,
1696582918500,22.79,22.8,22.32,,,,,
1696582919000,,,,,,,,
1696582919500,,,,,,,,
1696582920000,22.92,22.79,22.16,22.49,30.1,22.53,22.48,22.62
1696582920500,,,,,,,,
1696582921000,22.92,22.79,22.16,22.49,30.1,22.53,22.48,22.62
1696582921500,,,,,,,,
1696582922000,22.85,22.77,22.26,22.4,30.03,22.6,22.38,22.57
1696582922500,,,,,,,,
1696582923000,22.85,22.77,22.26,22.4,30.03,22.6,22.38,22.57
1696582923500,,,,,,,,
1696582924000,22.85,22.77,22.26,22.4,30.03,22.6,22.38,22.57
1696582924500,,,,,,,,
1696582925000,22.86,22.6,22.34,22.7,29.99,22.8,22.56,22.25
1696582925500,,,,,,,,
1696582926000,22.8,22.64,22.43,22.58,29.87,22.81,22.45,22.16
1696582926500,,,,,,,,
1696582927000,,,,,,,,
1696582927500,22.85,22.58,22.35,22.64,29.88,22.82,22.53,22.18
1696582928000,22.85,22.58,22.35,22.64,29.88,22.82,22.53,22.18
1696582928500,,,,,,,,
1696582929000,22.77,22.74,22.45,22.47,29.92,22.78,22.37,22.39
1696582929500,,,,,,,,
1696582930000,22.77,22.74,22.45,22.47,29.92,22.78,22.37,22.39
1696582930500,,,,,,,,
1696582931000,22.77,22.74,22.46,,29.92,22.82,22.38,22.27
1696582931500,,,,,,,,
1696582932000,22.73,22.67,22.44,22.54,29.91,22.79,22.34,22.15
1696582932500,,,,22.54,29.91,22.79,22.34,22.15
1696582933000,22.88,22.82,22.3,22.46,29.99,22.58,22.33,22.61
1696582933500,22.88,22.82,22.3,,,,,
1696582934000,,,,22.46,29.99,22.58,22.33,22.61
1696582934500,22.93,22.8,22.21,22.5,30.07,22.63,22.36,22.69
1696582935000,,,,,,,,
1696582935500,,,,,,,,
1696582936000,,,,,,,,
1696582936500,,,,,,,,
1696582937000,,,,,,,,
1696582937500,,,,,,,,
1696582938000,,,,,,,,
1696582938500,,,,,,,,
1696582939000,,,,,,,,
1696582939500,,,,,,,,
1696582940000,,,,,,,,
1696582940500,,,,,,,,
1696582941000,,,,,,,,
1696582941500,,,,,,,,
1696582942000,,,,,,,,
1696582942500,,,,,,,,
1696582943000,,,,,,,,
1696582943500,,,,,,,,
1696582944000,,,,,,,,
1696582944500,,,,,,,,
1696582945000,,,,,,,,
1696582945500,,,,,,,,
1696582946000,,,,,,,,
1696582946500,,,,,,,,
1696582947000,,,,,,,,
1696582947500,,,,,,,,
1696582948000,,,,,,,,
1696582948500,,,,,,,,
1696582949000,,,,,,,,
1696582949500,,,,,,,,
1696582950000,,,,,,,,
1696582950500,,,,,,,,
1696582951000,,,,,,,,
1696582951500,,,,,,,,
1696582952000,,,,,,,,
1696582952500,,,,,30.09,22.74,22.7,22.42
1696582953000,,,,,,,,
1696582953500,,,,,,,,
1696582954000,,,,,,,,
1696582954500,,,,,,,,
1696582955000,,,,,,,,
1696582955500,,,,,,,,
1696582956000,,,,,,,,
1696582956500,,,,,,,,
1696582957000,,,,,,,,
1696582957500,,,,,,,,
1696582958000,,,,,,,,
1696582958500,,,,,,,,
1696582959000,23.01,22.73,22.49,,,,,
1696582959500,,,,,30.17,22.65,22.52,22.78
1696582960000,,,,,,,,
1696582960500,23.14,22.74,22.37,22.84,30.05,22.8,22.71,22.34
1696582961000,,,,,,,,
1696582961500,,,,,,,,
1696582962000,,,,,,,,
1696582962500,,,,,,,,
1696582963000,,,,,,,,
1696582963500,,,,,,,,
1696582964000,,,,,,,,
1696582964500,,,,,,,,
1696582965000,,,,,,,,
1696582965500,,,,,,,,
1696582966000,,,,,,,,
1696582966500,,,,,,,,
1696582967000,,,,,,,,
1696582967500,,,,,,,,
1696582968000,,,,,30.14,22.7,22.68,22.75
1696582968500,,,,,,,,
1696582969000,23.1,22.74,22.52,22.77,30.01,22.94,22.65,22.28
1696582969500,,,,,,,,
1696582970000,,,,,,,,
1696582970500,,,,,,,,
1696582971000,,,,,,,,
1696582971500,,,,,,,,
1696582972000,,,,,,,,
1696582972500,,,,,,,,
1696582973000,,,,,,,,
1696582973500,,,,,,,,
1696582974000,23.29,22.98,22.31,22.71,30.21,22.81,22.68,22.86
1696582974500,,,,,,,,
1696582975000,23.29,22.98,22.31,22.71,30.21,22.81,22.68,22.86
1696582975500,,,,,,,,
1696582976000,,,,,,,,
1696582976500,23.33,22.9,22.32,,,,,
1696582977000,23.34,22.84,22.39,22.92,30.15,22.88,22.79,22.52
1696582977500,,,,,,,,
1696582978000,23.34,22.84,22.39,22.92,30.15,22.88,22.79,22.52
1696582978500,,,,,,,,
1696582979000,23.08,22.95,22.57,22.67,30.09,22.96,22.53,22.58
1696582979500,,,,,30.09,22.96,22.53,22.58
1696582980000,,,,,,,,
1696582980500,23.21,22.75,22.48,22.9,30.07,22.95,22.79,22.32
1696582981000,,,,,,,,
1696582981500,23.21,22.75,22.48,22.9,30.07,22.95,22.79,22.32
1696582982000,,,,,,,,
1696582982500,23.13,22.84,22.62,22.8,30,23.03,22.63,22.36
1696582983000,23.13,22.84,22.62,,30,23.03,22.63,22.36
1696582983500,,,,,,,,
1696582984000,,,,,30.19,22.79,22.75,22.83
1696582984500,,,,,,,,
1696582985000,23.34,22.92,22.29,22.78,30.19,22.79,22.75,22.83
1696582985500,,,,,,,,
1696582986000,23.11,22.98,22.59,22.76,30.12,22.88,22.52,22.62
1696582986500,,,,,,,,
1696582987000,23.11,22.98,22.59,22.76,30.12,22.88,22.52,22.62
1696582987500,,,,,,,,
1696582988000,,,,,,,,
1696582988500,,,,,,,,
1696582989000,,,,,,,,
1696582989500,,,,,,,,
1696582990000,,,,,,,,
1696582990500,,,,,,,,
1696582991000,,,,,,,,
1696582991500,,,,,,,,
1696582992000,,,,,,,,
1696582992500,,,,,,,,
1696582993000,,,,,,,,
1696582993500,,,,,,,,
1696582994000,,,,,,,,
1696582994500,,,,,,,,
1696582995000,,,,,,,,
1696582995500,,,,,,,,
1696582996000,,,,,,,,
1696582996500,,,,,,,,
1696582997000,,,,,,,,
1696582997500,,,,,,,,
1696582998000,,,,,,,,
1696582998500,,,,,,,,
1696582999000,,,,,,,,
1696582999500,,,,,,,,
1696583000000,,,,,,,,
1696583000500,,,,,,,,
1696583001000,,,,,,,,
1696583001500,,,,,,,,
1696583002000,,,,,,,,
1696583002500,,,,,,,,
1696583003000,,,,,,,,
1696583003500,,,,,,,,
1696583004000,,,,,30.14,22.91,22.54,22.66
1696583004500,,,,,,,,
1696583005000,,,,,,,,
1696583005500,,,,,,,,
1696583006000,,,,,,,,
1696583006500,,,,,,,,
1696583007000,,,,,,,,
1696583007500,,,,,,,,
1696583008000,,,,,,,,
1696583008500,,,,,,,,
1696583009000,,,,,,,,
1696583009500,,,,,,,,
1696583010000,,,,,,,,
1696583010500,,,,,,,,
1696583011000,,,,,,,,
1696583011500,,,,,,,,
1696583012000,23.28,23.1,22.57,,,,,
1696583012500,,,,,,,,
1696583013000,,,,,,,,
1696583013500,,,,,,,,
1696583014000,,,,,,,,
1696583014500,,,,,,,,
1696583015000,,,,,,,,
1696583015500,,,,,,,,
1696583016000,,,,,,,,
1696583016500,,,,,,,,
1696583017000,,,,,,,,
1696583017500,,,,,,,,
1696583018000,,,,,,,,
1696583018500,,,,,,,,
1696583019000,,,,,,,,
1696583019500,,,,,,,,
1696583020000,,,,,,,,
1696583020500,,,,,,,,
1696583021000,,,,,,,,
1696583021500,,,,,,,,
1696583022000,,,,,,,,
1696583022500,,,,,,,,
1696583023000,,,,,,,,
1696583023500,,,,,,,,
1696583024000,,,,,,,,
1696583024500,,,,,,,,
1696583025000,,,,,,,,
1696583025500,,,,,,,,
1696583026000,,,,,,,,
1696583026500,,,,,,,,
1696583027000,,,,,,,,
1696583027500,,,,,,,,
1696583028000,,,,,,,,
1696583028500,,,,,,,,
1696583029000,,,,,,,,
1696583029500,,,,,,,,
1696583030000,,,,,,,,
1696583030500,,,,,,,,
1696583031000,,,,,,,,
1696583031500,,,,,,,,
1696583032000,,,,,,,,
1696583032500,,,,,,,,
1696583033000,,,,,,,,
1696583033500,,,,,,,,
1696583034000,,,,,,,,
1696583034500,,,,,,,,
1696583035000,,,,,,,,
1696583035500,,,,,,,,
1696583036000,,,,,,,,
1696583036500,,,,,,,,
1696583037000,,,,,,,,
1696583037500,,,,,,,,
1696583038000,,,,,,,,
1696583038500,,,,,,,,
1696583039000,,,,,,,,
1696583039500,,,,,,,,
1696583040000,,,,,,,,
1696583040500,,,,,,,,
1696583041000,,,,,,,,
1696583041500,,,,,,,,
1696583042000,,,,,,,,
1696583042500,,,,,,,,
1696583043000,,,,,,,,
1696583043500,,,,,,,,
1696583044000,,,,,,,,
1696583044500,,,,,,,,
1696583045000,,,,,,,,
1696583045500,,,,,,,,
1696583046000,,,,,,,,
1696583046500,,,,,,,,
1696583047000,,,,,,,,
1696583047500,,,,,,,,
1696583048000,,,,,,,,
1696583048500,,,,,,,,
1696583049000,,,,,,,,
1696583049500,,,,,,,,
1696583050000,,,,,,,,
1696583050500,,,,,,,,
1696583051000,,,,,,,,
1696583051500,,,,,,,,
1696583052000,,,,,,,,
1696583052500,,,,,,,,
1696583053000,,,,,,,,
1696583053500,,,,,,,,
1696583054000,,,,,,,,
1696583054500,,,,,,,,
1696583055000,,,,,,,,
1696583055500,,,,,,,,
1696583056000,,,,,,,,
1696583056500,,,,,,,,
1696583057000,,,,,,,,
1696583057500,,,,,,,,
1696583058000,,,,,,,,
1696583058500,,,,,,,,
1696583059000,,,,,,,,
1696583059500,,,,,,,,
1696583060000,,,,,,,,
1696583060500,,,,,,,,
1696583061000,,,,,,,,
1696583061500,,,,,,,,
1696583062000,,,,,,,,
1696583062500,,,,,,,,
1696583063000,,,,,,,,
1696583063500,,,,,,,,
1696583064000,,,,,,,,
1696583064500,,,,,,,,
1696583065000,,,,,,,,
1696583065500,,,,,,,,
1696583066000,,,,,,,,
1696583066500,,,,,,,,
1696583067000,,,,,,,,
1696583067500,,,,,,,,
1696583068000,,,,,,,,
1696583068500,,,,,,,,
1696583069000,,,,,,,,
1696583069500,,,,,,,,
1696583070000,,,,,,,,
1696583070500,,,,,,,,
1696583071000,,,,,,,,
1696583071500,,,,,,,,
1696583072000,,,,,,,,
1696583072500,,,,,,,,
1696583073000,,,,,,,,
1696583073500,,,,,,,,
1696583074000,,,,,,,,
1696583074500,,,,,,,,
1696583075000,,,,,,,,
1696583075500,,,,,,,,
1696583076000,,,,,,,,
1696583076500,,,,,,,,
1696583077000,,,,,,,,
1696583077500,,,,,,,,
1696583078000,,,,,,,,
1696583078500,,,,,,,,
1696583079000,,,,,,,,
1696583079500,,,,,,,,
1696583080000,,,,,,,,
1696583080500,,,,,,,,
1696583081000,,,,,,,,
1696583081500,,,,,,,,
1696583082000,,,,,,,,
1696583082500,,,,,,,,
1696583083000,,,,,,,,
1696583083500,,,,,,,,
1696583084000,,,,,,,,
1696583084500,,,,,,,,
1696583085000,,,,,,,,
1696583085500,,,,,,,,
1696583086000,,,,,,,,
1696583086500,,,,,,,,
1696583087000,,,,,,,,
1696583087500,,,,,,,,
1696583088000,,,,,,,,
1696583088500,,,,,,,,
1696583089000,,,,,,,,
1696583089500,,,,,,,,
1696583090000,,,,,,,,
1696583090500,,,,,,,,
1696583091000,,,,,,,,
1696583091500,,,,,,,,
1696583092000,,,,,,,,
1696583092500,,,,,,,,
1696583093000,,,,,,,,
1696583093500,,,,,,,,
1696583094000,,,,,,,,
1696583094500,,,,,,,,
1696583095000,,,,,,,,
1696583095500,,,,,,,,
1696583096000,,,,,,,,
1696583096500,,,,,,,,
1696583097000,,,,,,,,
1696583097500,,,,,,,,
1696583098000,,,,,,,,
1696583098500,,,,,,,,
1696583099000,,,,,,,,
1696583099500,,,,,,,,
1696583100000,,,,,,,,
1696583100500,,,,,,,,
1696583101000,,,,,,,,
1696583101500,,,,,,,,
1696583102000,,,,,,,,
1696583102500,,,,,,,,
1696583103000,,,,,,,,
1696583103500,,,,,,,,
1696583104000,,,,,,,,
1696583104500,,,,,,,,
1696583105000,,,,,,,,
1696583105500,,,,,,,,
1696583106000,,,,,,,,
1696583106500,,,,,,,,
1696583107000,,,,,,,,
1696583107500,,,,,,,,
1696583108000,,,,,,,,
1696583108500,,,,,,,,
1696583109000,,,,,,,,
1696583109500,,,,,,,,
1696583110000,,,,,,,,
1696583110500,,,,,,,,
1696583111000,,,,,,,,
1696583111500,,,,,,,,
1696583112000,,,,,,,,
1696583112500,,,,,,,,
1696583113000,,,,,,,,
1696583113500,,,,,,,,
1696583114000,,,,,,,,
1696583114500,,,,,,,,
1696583115000,,,,,,,,
1696583115500,,,,,,,,
1696583116000,,,,,,,,
1696583116500,,,,,,,,
1696583117000,,,,,,,,
1696583117500,,,,,,,,
1696583118000,,,,,,,,
1696583118500,,,,,,,,
1696583119000,,,,,,,,
1696583119500,,,,,,,,
1696583120000,,,,,,,,
1696583120500,,,,,,,,
1696583121000,,,,,,,,
1696583121500,,,,,,,,
1696583122000,,,,,,,,
1696583122500,,,,,,,,
1696583123000,,,,,,,,
1696583123500,,,,,,,,
1696583124000,,,,,,,,
1696583124500,,,,,,,,
1696583125000,,,,,,,,
1696583125500,,,,,,,,
1696583126000,,,,,,,,
1696583126500,,,,,,,,
1696583127000,,,,,,,,
1696583127500,,,,,,,,
1696583128000,,,,,,,,
1696583128500,,,,,,,,
1696583129000,,,,,,,,
1696583129500,,,,,,,,
1696583130000,,,,,,,,
1696583130500,,,,,,,,
1696583131000,,,,,,,,
1696583131500,,,,,,,,
1696583132000,,,,,,,,
1696583132500,,,,,,,,
1696583133000,,,,,,,,
1696583133500,,,,,,,,
1696583134000,,,,,,,,
1696583134500,,,,,,,,
1696583135000,,,,,,,,
1696583135500,,,,,,,,
1696583136000,,,,,,,,
1696583136500,,,,,,,,
1696583137000,,,,,,,,
1696583137500,,,,,,,,
1696583138000,,,,,,,,
1696583138500,,,,,,,,
1696583139000,,,,,,,,
1696583139500,,,,,,,,
1696583140000,,,,,,,,
1696583140500,,,,,,,,
1696583141000,,,,,,,,
1696583141500,,,,,,,,
1696583142000,,,,,,,,
1696583142500,,,,,,,,
1696583143000,,,,,,,,
1696583143500,,,,,,,,
1696583144000,,,,,,,,
1696583144500,,,,,,,,
1696583145000,,,,,,,,
1696583145500,,,,,,,,
1696583146000,,,,,,,,
1696583146500,,,,,,,,
1696583147000,,,,,,,,
1696583147500,,,,,,,,
1696583148000,,,,,,,,
1696583148500,,,,,,,,
1696583149000,,,,,,,,
1696583149500,,,,,,,,
1696583150000,,,,,,,,
1696583150500,,,,,,,,
1696583151000,,,,,,,,
1696583151500,,,,,,,,
1696583152000,,,,,,,,
1696583152500,,,,,,,,
1696583153000,,,,,,,,
1696583153500,,,,,,,,
1696583154000,,,,,,,,
1696583154500,,,,,,,,
1696583155000,,,,,,,,
1696583155500,,,,,,,,
1696583156000,,,,,,,,
1696583156500,,,,,,,,
1696583157000,,,,,,,,
1696583157500,,,,,,,,
1696583158000,,,,,,,,
1696583158500,,,,,,,,
1696583159000,,,,,,,,
1696583159500,,,,,,,,
1696583160000,,,,,,,,
1696583160500,,,,,,,,
1696583161000,,,,,,,,
1696583161500,,,,,,,,
1696583162000,,,,,,,,
1696583162500,,,,,,,,
1696583163000,,,,,,,,
1696583163500,,,,,,,,
1696583164000,,,,,,,,
1696583164500,,,,,,,,
1696583165000,,,,,,,,
1696583165500,,,,,,,,
1696583166000,,,,,,,,
1696583166500,,,,,,,,
1696583167000,,,,,,,,
1696583167500,,,,,,,,
1696583168000,,,,,,,,
1696583168500,,,,,,,,
1696583169000,,,,,,,,
1696583169500,,,,,,,,
1696583170000,,,,,,,,
1696583170500,,,,,,,,
1696583171000,,,,,,,,
1696583171500,,,,,,,,
1696583172000,,,,,,,,
1696583172500,,,,,,,,
1696583173000,,,,,,,,
1696583173500,,,,,,,,
1696583174000,,,,,,,,
1696583174500,,,,,,,,
1696583175000,,,,,,,,
1696583175500,,,,,,,,
1696583176000,,,,,,,,
1696583176500,,,,,,,,
1696583177000,,,,,,,,
1696583177500,,,,,,,,
1696583178000,,,,,,,,
1696583178500,,,,,,,,
1696583179000,,,,,,,,
1696583179500,,,,,,,,
1696583180000,,,,,,,,
1696583180500,,,,,,,,
1696583181000,,,,,,,,
1696583181500,,,,,,,,
1696583182000,,,,,,,,
1696583182500,,,,,,,,
1696583183000,,,,,,,,
1696583183500,,,,,,,,
1696583184000,,,,,,,,
1696583184500,,,,,,,,
1696583185000,,,,,,,,
1696583185500,,,,,,,,
1696583186000,,,,,,,,
1696583186500,,,,,,,,
1696583187000,,,,,,,,
1696583187500,,,,,,,,
1696583188000,,,,,,,,
1696583188500,,,,,,,,
1696583189000,,,,,,,,
1696583189500,,,,,,,,
1696583190000,,,,,,,,
1696583190500,,,,,,,,
1696583191000,,,,,,,,
1696583191500,,,,,,,,
1696583192000,,,,,,,,
1696583192500,,,,,,,,
1696583193000,,,,,,,,
1696583193500,,,,,,,,
1696583194000,,,,,,,,
1696583194500,,,,,,,,
1696583195000,,,,,,,,
1696583195500,,,,,,,,
1696583196000,,,,,,,,
1696583196500,,,,,,,,
1696583197000,,,,,,,,
1696583197500,,,,,,,,
1696583198000,,,,,,,,
1696583198500,,,,,,,,
1696583199000,,,,,,,,
1696583199500,,,,,,,,
1696583200000,,,,,,,,
1696583200500,,,,,,,,
1696583201000,,,,,,,,
1696583201500,,,,,,,,
1696583202000,,,,,,,,
1696583202500,,,,,,,,
1696583203000,,,,,,,,
1696583203500,,,,,,,,
1696583204000,,,,,,,,
1696583204500,,,,,,,,
1696583205000,,,,,,,,
1696583205500,,,,,,,,
1696583206000,,,,,,,,
1696583206500,,,,,,,,
1696583207000,,,,,,,,
1696583207500,,,,,,,,
1696583208000,,,,,,,,
1696583208500,,,,,,,,
1696583209000,,,,,,,,
1696583209500,,,,,,,,
1696583210000,,,,,,,,
1696583210500,,,,,,,,
1696583211000,,,,,,,,
1696583211500,,,,,,,,
1696583212000,,,,,,,,
1696583212500,,,,,,,,
1696583213000,,,,,,,,
1696583213500,,,,,,,,
1696583214000,,,,,,,,
1696583214500,,,,,,,,
1696583215000,,,,,,,,
1696583215500,,,,,,,,
1696583216000,,,,,,,,
1696583216500,,,,,,,,
1696583217000,,,,,,,,
1696583217500,,,,,,,,
1696583218000,23.79,23.52,22.84,23.03,30.44,23.17,23.02,23.19
1696583218500,,,,,,,,
1696583219000,,,,,,,,
1696583219500,,,,,30.4,23.35,22.97,22.87
1696583220000,,,,,,,,
1696583220500,23.77,23.35,23,,30.34,23.44,23.13,22.62
1696583221000,,,,,,,,
1696583221500,23.87,23.35,22.84,23.28,30.45,23.29,23.2,22.83
1696583222000,,,,,,,,
1696583222500,23.87,23.35,22.84,23.28,30.45,23.29,23.2,22.83
1696583223000,23.76,23.54,22.95,,,,,
1696583223500,,,,22.91,30.42,23.2,23.02,23.06
1696583224000,,,,,30.35,23.39,22.93,22.84
1696583224500,,,,,,,,
1696583225000,23.65,23.49,23.08,23.03,30.35,23.39,22.93,22.84
1696583225500,,,,,,,,
1696583226000,23.65,23.49,23.08,23.03,30.35,23.39,22.93,22.84
1696583226500,,,,,,,,
1696583227000,23.85,23.34,22.82,23.24,30.43,23.26,23.24,22.95
1696583227500,,,,,,,,
1696583228000,23.85,23.34,22.82,23.24,30.43,23.26,23.24,22.95
1696583228500,,,,,,,,
1696583229000,,,,,30.45,23.21,22.97,23.16
1696583229500,,,,,30.45,23.21,22.97,23.16
1696583230000,,,,,,,,
1696583230500,23.87,23.49,22.82,,30.46,23.22,23.08,23.23
1696583231000,,,,,,,,
1696583231500,,,,,,,,
1696583232000,,,,,,,,
1696583232500,,,,,,,,
1696583233000,,,,,,,,
1696583233500,,,,,,,,
1696583234000,,,,,,,,
1696583234500,,,,,,,,
1696583235000,,,,,,,,
1696583235500,,,,,,,,
1696583236000,,,,,,,,
1696583236500,,,,,,,,
1696583237000,,,,,,,,
1696583237500,,,,,,,,
1696583238000,,,,,,,,
1696583238500,,,,,,,,
1696583239000,,,,,,,,
1696583239500,,,,,,,,
1696583240000,,,,,,,,
1696583240500,,,,,,,,
1696583241000,,,,,,,,
1696583241500,,,,,,,,
1696583242000,,,,,,,,
1696583242500,,,,,,,,
1696583243000,,,,,,,,
1696583243500,,,,,,,,
1696583244000,,,,,,,,
1696583244500,,,,,,,,
1696583245000,,,,,,,,
1696583245500,,,,,,,,
1696583246000,,,,,,,,
1696583246500,,,,,,,,
1696583247000,,,,,,,,
1696583247500,,,,,,,,
1696583248000,,,,,,,,
1696583248500,,,,,,,,
1696583249000,,,,,,,,
1696583249500,,,,,,,,
1696583250000,,,,,,,,
1696583250500,23.97,23.44,22.88,23.26,30.62,23.28,23.29,23.16
1696583251000,,,,,,,,
1696583251500,,,,,,,,
1696583252000,,,,,,,,
1696583252500,23.82,23.44,23.13,,,,,
1696583253000,,,,,,,,
1696583253500,,,,,,,,
1696583254000,,,,,,,,
1696583254500,,,,,,,,
1696583255000,,,,,,,,
1696583255500,,,,,,,,
1696583256000,,,,,,,,
1696583256500,,,,,,,,
1696583257000,,,,,,,,
1696583257500,,,,,,,,
1696583258000,,,,,,,,
1696583258500,,,,,,,,
1696583259000,,,,,,,,
1696583259500,,,,,,,,
1696583260000,24.01,23.48,22.94,,,,,
1696583260500,,,,,30.59,23.38,23.34,23.07
1696583261000,,,,,,,,
1696583261500,,,,,,,,
1696583262000,,,,,,,,
1696583262500,,,,,,,,
1696583263000,,,,,,,,
1696583263500,,,,,,,,
1696583264000,,,,,,,,
1696583264500,,,,,,,,
1696583265000,,,,,,,,
1696583265500,,,,,,,,
1696583266000,,,,,,,,
1696583266500,,,,,,,,
1696583267000,,,,,,,,
1696583267500,,,,,,,,
1696583268000,,,,,,,,
1696583268500,,,,,,,,
1696583269000,,,,,,,,
1696583269500,,,,,,,,
1696583270000,,,,,,,,
1696583270500,,,,,,,,
1696583271000,,,,,,,,
1696583271500,,,,,,,,
1696583272000,,,,,,,,
1696583272500,,,,,,,,
1696583273000,,,,,,,,
1696583273500,,,,,,,,
1696583274000,,,,,,,,
1696583274500,,,,,,,,
1696583275000,,,,,,,,
1696583275500,,,,,,,,
1696583276000,,,,,,,,
1696583276500,,,,,,,,
1696583277000,,,,,,,,
1696583277500,24.17,23.66,22.95,23.41,30.72,23.42,23.38,23.44
1696583278000,,,,,,,,
1696583278500,,,,,,,,
1696583279000,,,,,,,,
1696583279500,,,,,,,,
1696583280000,,,,,,,,
1696583280500,,,,,,,,
1696583281000,,,,,,,,
1696583281500,,,,,,,,
1696583282000,,,,,,,,
1696583282500,,,,,,,,
1696583283000,,,,,,,,
1696583283500,,,,,,,,
1696583284000,24,23.58,23.33,23.56,30.58,23.74,23.34,23.02
1696583284500,,,,,,,,
1696583285000,24.1,23.76,23.08,,30.71,23.47,23.32,23.45
1696583285500,,,,,,,,
1696583286000,24.02,23.75,23.2,23.33,30.69,23.54,23.21,23.4
1696583286500,,,,,,,,
1696583287000,24.14,23.59,23.15,23.61,30.71,23.65,23.5,23.15
1696583287500,23.92,23.75,23.3,,,,,
1696583288000,,,,23.38,30.63,23.61,23.16,23.25
1696583288500,,,,,,,,
1696583289000,,,,,,,,
1696583289500,,,,,,,,
1696583290000,,,,,,,,
1696583290500,,,,,,,,
1696583291000,,,,,,,,
1696583291500,,,,,,,,
1696583292000,,,,,,,,
1696583292500,,,,,,,,
1696583293000,,,,,,,,
1696583293500,,,,,,,,
1696583294000,,,,,,,,
1696583294500,,,,,,,,
1696583295000,,,,,,,,
1696583295500,,,,,,,,
1696583296000,,,,,,,,
1696583296500,,,,,,,,
1696583297000,,,,,,,,
1696583297500,23.95,23.64,23.35,23.45,30.6,23.72,23.26,23.15
1696583298000,,,,,,,,
1696583298500,,,,,,,,
1696583299000,,,,,,,,
1696583299500,,,,,,,,
1696583300000,,,,,,,,
1696583300500,,,,,,,,
1696583301000,,,,,,,,
1696583301500,,,,,,,,
1696583302000,,,,,,,,
1696583302500,,,,,,,,
1696583303000,,,,,,,,
1696583303500,,,,,,,,
1696583304000,,,,,,,,
1696583304500,,,,,,,,
1696583305000,,,,,,,,
1696583305500,,,,,,,,
1696583306000,,,,,,,,
1696583306500,,,,,,,,
1696583307000,,,,,,,,
1696583307500,,,,,,,,
1696583308000,,,,,,,,
1696583308500,,,,,,,,
1696583309000,,,,,,,,
1696583309500,,,,,,,,
1696583310000,,,,,,,,
1696583310500,,,,,,,,
1696583311000,,,,,,,,
1696583311500,,,,,,,,
1696583312000,,,,,,,,
1696583312500,,,,,,,,
1696583313000,,,,,30.735,23.58,23.53,23.405
1696583313500,,,,,,,,
1696583314000,,,,,,,,
1696583314500,,,,,,,,
1696583315000,,,,,,,,
1696583315500,,,,,,,,
1696583316000,,,,,,,,
1696583316500,,,,,,,,
1696583317000,,,,,,,,
1696583317500,,,,,,,,
1696583318000,,,,,,,,
1696583318500,,,,,,,,
1696583319000,,,,,,,,
1696583319500,,,,,,,,
1696583320000,,,,,,,,
1696583320500,,,,,,,,
1696583321000,,,,,,,,
1696583321500,,,,,,,,
1696583322000,,,,,,,,
1696583322500,,,,,,,,
1696583323000,,,,,,,,
1696583323500,,,,,,,,
1696583324000,,,,,,,,
1696583324500,,,,,,,,
1696583325000,,,,,,,,
1696583325500,,,,,,,,
1696583326000,,,,,,,,
1696583326500,,,,,,,,
1696583327000,,,,,,,,
1696583327500,,,,,,,,
1696583328000,,,,,,,,
1696583328500,,,,,,,,
1696583329000,,,,,,,,
1696583329500,,,,,,,,
1696583330000,,,,,,,,
1696583330500,,,,,,,,
1696583331000,,,,,,,,
1696583331500,,,,,,,,
1696583332000,,,,,,,,
1696583332500,,,,,,,,
1696583333000,,,,,,,,
1696583333500,,,,,,,,
1696583334000,,,,,,,,
1696583334500,,,,,,,,
1696583335000,,,,,,,,
1696583335500,,,,,,,,
1696583336000,,,,,,,,
1696583336500,,,,,,,,
1696583337000,,,,,,,,
1696583337500,,,,,,,,
1696583338000,,,,,,,,
1696583338500,,,,,,,,
1696583339000,,,,,,,,
1696583339500,,,,,,,,
1696583340000,,,,,,,,
1696583340500,,,,,,,,
1696583341000,,,,,,,,
1696583341500,,,,,,,,
1696583342000,,,,,,,,
1696583342500,,,,,,,,
1696583343000,,,,,,,,
1696583343500,,,,,,,,
1696583344000,,,,,,,,
1696583344500,,,,,,,,
1696583345000,,,,,,,,
1696583345500,,,,,,,,
1696583346000,,,,,,,,
1696583346500,,,,,,,,
1696583347000,,,,,,,,
1696583347500,,,,,,,,
1696583348000,,,,,,,,
1696583348500,,,,,,,,
1696583349000,,,,,,,,
1696583349500,,,,,,,,
1696583350000,,,,,,,,
1696583350500,,,,,,,,
1696583351000,,,,,,,,
1696583351500,,,,,,,,
1696583352000,,,,,,,,
1696583352500,,,,,,,,
1696583353000,,,,,,,,
1696583353500,,,,,,,,
1696583354000,,,,,,,,
1696583354500,,,,,,,,
1696583355000,,,,,,,,
1696583355500,,,,,,,,
1696583356000,,,,,,,,
1696583356500,,,,,,,,
1696583357000,,,,,,,,
1696583357500,,,,,,,,
1696583358000,,,,,,,,
1696583358500,,,,,,,,
1696583359000,,,,,,,,
1696583359500,,,,,,,,
1696583360000,,,,,,,,
1696583360500,,,,,,,,
1696583361000,,,,,,,,
1696583361500,,,,,,,,
1696583362000,,,,,,,,
1696583362500,,,,,,,,
1696583363000,,,,,,,,
1696583363500,,,,,,,,
1696583364000,,,,,,,,
1696583364500,,,,,,,,
1696583365000,,,,,,,,
1696583365500,,,,,,,,
1696583366000,,,,,,,,
1696583366500,,,,,,,,
1696583367000,,,,,,,,
1696583367500,,,,,,,,
1696583368000,,,,,,,,
1696583368500,,,,,,,,
1696583369000,,,,,,,,
1696583369500,,,,,,,,
1696583370000,,,,,,,,
1696583370500,,,,,,,,
1696583371000,,,,,,,,
1696583371500,,,,,,,,
1696583372000,,,,,,,,
1696583372500,,,,,,,,
1696583373000,,,,,,,,
1696583373500,,,,,,,,
1696583374000,,,,,,,,
1696583374500,,,,,,,,
1696583375000,,,,,,,,
1696583375500,,,,,,,,
1696583376000,,,,,,,,
1696583376500,,,,,,,,
1696583377000,,,,,,,,
1696583377500,,,,,,,,
1696583378000,,,,,,,,
1696583378500,,,,,,,,
1696583379000,,,,,,,,
1696583379500,,,,,,,,
1696583380000,,,,,,,,
1696583380500,,,,,,,,
1696583381000,,,,,,,,
1696583381500,,,,,,,,
1696583382000,,,,,,,,
1696583382500,,,,,,,,
1696583383000,,,,,,,,
1696583383500,,,,,,,,
1696583384000,,,,,,,,
1696583384500,,,,,,,,
1696583385000,,,,,,,,
1696583385500,,,,,,,,
1696583386000,,,,,,,,
1696583386500,,,,,,,,
1696583387000,,,,,,,,
1696583387500,,,,,,,,
1696583388000,,,,,,,,
1696583388500,,,,,,,,
1696583389000,,,,,,,,
1696583389500,,,,,,,,
1696583390000,,,,,,,,
1696583390500,,,,,,,,
1696583391000,,,,,,,,
1696583391500,,,,,,,,
1696583392000,,,,,,,,
1696583392500,,,,,,,,
1696583393000,,,,,,,,
1696583393500,,,,,,,,
1696583394000,,,,,,,,
1696583394500,,,,,,,,
1696583395000,,,,,,,,
1696583395500,,,,,,,,
1696583396000,,,,,,,,
1696583396500,,,,,,,,
1696583397000,,,,,,,,
1696583397500,,,,,,,,
1696583398000,,,,,,,,
1696583398500,,,,,,,,
1696583399000,,,,,,,,
1696583399500,,,,,,,,
1696583400000,,,,,,,,